rmse,mae,mape
2.6571603,1.6958461,6.0104184
