rmse,mae,mape
2.6473343,1.692337,6.0315876
